{"cameraMode":{"drawMode":0,"name":"Shaded","section":"Shading Mode"},"sceneLighting":true,"audioPlay":false,"sceneViewState":{"m_AlwaysRefresh":false,"showFog":true,"showSkybox":true,"showFlares":true,"showImageEffects":true,"showParticleSystems":true,"showVisualEffectGraphs":true,"m_FxEnabled":true},"in2DMode":false,"pivot":{"x":-2.3863039016723635,"y":52.06488800048828,"z":1.1678584814071656},"rotation":{"x":-0.2321210652589798,"y":-0.01984473690390587,"z":0.004737858660519123,"w":-0.9724624752998352},"size":30.008331298828126,"orthographic":false}